headline,sentiment,cleaned_headline
The company reported record profits this year,Positive,the company reported record profits this year
The stock market crashed after the announcement,Neutral,the stock market crashed after the announcement
The government announced a new education policy,Neutral,the government announced a new education policy
Technology companies are seeing strong growth,Positive,technology companies are seeing strong growth
The company suffered a major financial loss,Negative,the company suffered a major financial loss
New smartphone sales increased significantly,Positive,new smartphone sales increased significantly
Heavy rainfall caused disruptions across the city,Negative,heavy rainfall caused disruptions across the city
Scientists announced an important breakthrough,Positive,scientists announced an important breakthrough
The market remained stable today,Positive,the market remained stable today
The company announced layoffs due to weak demand,Negative,the company announced layoffs due to weak demand
Investors are happy with the strong quarterly results,Positive,investors are happy with the strong quarterly results
Shares fell sharply after the disappointing results,Negative,shares fell sharply after the disappointing results
The central bank kept interest rates unchanged,Positive,the central bank kept interest rates unchanged
The company achieved record sales this quarter,Neutral,the company achieved record sales this quarter
Oil prices dropped significantly today,Neutral,oil prices dropped significantly today
The new product received excellent reviews,Positive,the new product received excellent reviews
Several businesses reported lower profits,Positive,several businesses reported lower profits
The government held a meeting about the new policy,Neutral,the government held a meeting about the new policy
The technology sector continues to grow rapidly,Neutral,the technology sector continues to grow rapidly
The company faced serious financial problems,Negative,the company faced serious financial problems
Customers praised the new service,Positive,customers praised the new service
The market showed little movement today,Neutral,the market showed little movement today
Unemployment increased during the quarter,Negative,unemployment increased during the quarter
The company announced a successful expansion,Positive,the company announced a successful expansion
Experts expect stable economic conditions,Positive,experts expect stable economic conditions
Heavy losses affected the company this year,Negative,heavy losses affected the company this year
The startup received major investment,Neutral,the startup received major investment
Sales remained unchanged compared with last month,Neutral,sales remained unchanged compared with last month
Investors lost confidence after the announcement,Positive,investors lost confidence after the announcement
The company launched an innovative new product,Positive,the company launched an innovative new product
Government officials discussed the budget,Neutral,government officials discussed the budget
Bank profits increased significantly,Positive,bank profits increased significantly
The factory was forced to close temporarily,Negative,the factory was forced to close temporarily
The weather remained normal across the region,Neutral,the weather remained normal across the region
Tourism revenue increased this year,Positive,tourism revenue increased this year
Several flights were cancelled because of bad weather,Negative,several flights were cancelled because of bad weather
The company maintained its current workforce,Neutral,the company maintained its current workforce
Scientists discovered a promising new technology,Positive,scientists discovered a promising new technology
Financial markets suffered heavy losses,Negative,financial markets suffered heavy losses
The government released its annual report,Neutral,the government released its annual report
The business reported strong growth,Positive,the business reported strong growth
The company faced declining demand,Negative,the company faced declining demand
The new policy will be reviewed next month,Neutral,the new policy will be reviewed next month
Investors celebrated the strong market performance,Positive,investors celebrated the strong market performance
The company announced a major loss,Negative,the company announced a major loss
Officials provided an update on the project,Neutral,officials provided an update on the project
Online sales reached a new record,Positive,online sales reached a new record
Production decreased because of supply problems,Negative,production decreased because of supply problems
The company continued its normal operations,Neutral,the company continued its normal operations
Healthcare technology is improving rapidly,Positive,healthcare technology is improving rapidly
The market experienced a sharp decline,Neutral,the market experienced a sharp decline
Officials announced details of the upcoming program,Neutral,officials announced details of the upcoming program
The company received positive customer feedback,Positive,the company received positive customer feedback
Several industries reported financial difficulties,Negative,several industries reported financial difficulties
The report contains information about current market conditions,Neutral,the report contains information about current market conditions
The new investment created many opportunities,Positive,the new investment created many opportunities
The company reduced its workforce,Neutral,the company reduced its workforce
The government published new economic data,Neutral,the government published new economic data
Business confidence improved this month,Positive,business confidence improved this month
Consumer spending declined significantly,Neutral,consumer spending declined significantly
The committee will meet again next week,Neutral,the committee will meet again next week
The company achieved impressive growth,Positive,the company achieved impressive growth
Market uncertainty increased after the announcement,Negative,market uncertainty increased after the announcement
The organization released its latest report,Neutral,the organization released its latest report
The new technology could improve productivity,Positive,the new technology could improve productivity
The company reported a significant decline in revenue,Positive,the company reported a significant decline in revenue
Officials discussed future development plans,Neutral,officials discussed future development plans
Exports increased strongly this year,Positive,exports increased strongly this year
The company experienced major operational problems,Negative,the company experienced major operational problems
The government provided an update on the situation,Neutral,the government provided an update on the situation
Investors welcomed the positive earnings report,Positive,investors welcomed the positive earnings report
Stock prices dropped after the warning,Negative,stock prices dropped after the warning
The project is currently under review,Neutral,the project is currently under review
The company expanded into new markets,Neutral,the company expanded into new markets
Production costs increased sharply,Positive,production costs increased sharply
The department released its monthly statistics,Neutral,the department released its monthly statistics
Customers expressed satisfaction with the product,Positive,customers expressed satisfaction with the product
The business reported a large financial loss,Negative,the business reported a large financial loss
Officials discussed the current situation,Neutral,officials discussed the current situation
Technology investment reached a new high,Positive,technology investment reached a new high
The economy faced significant challenges,Positive,the economy faced significant challenges
The company announced plans for next year,Neutral,the company announced plans for next year
Sales growth exceeded expectations,Positive,sales growth exceeded expectations
The company struggled with rising costs,Negative,the company struggled with rising costs
The report provides an overview of recent events,Neutral,the report provides an overview of recent events
Investors gained confidence after strong results,Positive,investors gained confidence after strong results
Several companies reported declining sales,Neutral,several companies reported declining sales
The government announced a review of the program,Neutral,the government announced a review of the program
The company achieved higher profits,Positive,the company achieved higher profits
Market prices fell due to weak demand,Negative,market prices fell due to weak demand
Officials confirmed that the project is continuing,Neutral,officials confirmed that the project is continuing
The startup secured new funding,Positive,the startup secured new funding
The company reported disappointing results,Negative,the company reported disappointing results
The committee released its findings,Neutral,the committee released its findings
Consumer demand increased this month,Positive,consumer demand increased this month
Production problems caused major delays,Negative,production problems caused major delays
The organization announced its annual meeting,Neutral,the organization announced its annual meeting
Business activity improved significantly,Positive,business activity improved significantly
Financial pressure affected several companies,Negative,financial pressure affected several companies
The government released an official statement,Neutral,the government released an official statement
