headline,sentiment
"The company reported record profits this year",Positive
"The stock market crashed after the announcement",Negative
"The government announced a new education policy",Neutral
"Technology companies are seeing strong growth",Positive
"The company suffered a major financial loss",Negative
"New smartphone sales increased significantly",Positive
"Heavy rainfall caused disruptions across the city",Negative
"Scientists announced an important breakthrough",Positive
"The market remained stable today",Neutral
"The company announced layoffs due to weak demand",Negative
"Investors are happy with the strong quarterly results",Positive
"Shares fell sharply after the disappointing results",Negative
"The central bank kept interest rates unchanged",Neutral
"The company achieved record sales this quarter",Positive
"Oil prices dropped significantly today",Negative
"The new product received excellent reviews",Positive
"Several businesses reported lower profits",Negative
"The government held a meeting about the new policy",Neutral
"The technology sector continues to grow rapidly",Positive
"The company faced serious financial problems",Negative
"Customers praised the new service",Positive
"The market showed little movement today",Neutral
"Unemployment increased during the quarter",Negative
"The company announced a successful expansion",Positive
"Experts expect stable economic conditions",Neutral
"Heavy losses affected the company this year",Negative
"The startup received major investment",Positive
"Sales remained unchanged compared with last month",Neutral
"Investors lost confidence after the announcement",Negative
"The company launched an innovative new product",Positive
"Government officials discussed the budget",Neutral
"Bank profits increased significantly",Positive
"The factory was forced to close temporarily",Negative
"The weather remained normal across the region",Neutral
"Tourism revenue increased this year",Positive
"Several flights were cancelled because of bad weather",Negative
"The company maintained its current workforce",Neutral
"Scientists discovered a promising new technology",Positive
"Financial markets suffered heavy losses",Negative
"The government released its annual report",Neutral
"The business reported strong growth",Positive
"The company faced declining demand",Negative
"The new policy will be reviewed next month",Neutral
"Investors celebrated the strong market performance",Positive
"The company announced a major loss",Negative
"Officials provided an update on the project",Neutral
"Online sales reached a new record",Positive
"Production decreased because of supply problems",Negative
"The company continued its normal operations",Neutral
"Healthcare technology is improving rapidly",Positive
"The market experienced a sharp decline",Negative
"Officials announced details of the upcoming program",Neutral
"The company received positive customer feedback",Positive
"Several industries reported financial difficulties",Negative
"The report contains information about current market conditions",Neutral
"The new investment created many opportunities",Positive
"The company reduced its workforce",Negative
"The government published new economic data",Neutral
"Business confidence improved this month",Positive
"Consumer spending declined significantly",Negative
"The committee will meet again next week",Neutral
"The company achieved impressive growth",Positive
"Market uncertainty increased after the announcement",Negative
"The organization released its latest report",Neutral
"The new technology could improve productivity",Positive
"The company reported a significant decline in revenue",Negative
"Officials discussed future development plans",Neutral
"Exports increased strongly this year",Positive
"The company experienced major operational problems",Negative
"The government provided an update on the situation",Neutral
"Investors welcomed the positive earnings report",Positive
"Stock prices dropped after the warning",Negative
"The project is currently under review",Neutral
"The company expanded into new markets",Positive
"Production costs increased sharply",Negative
"The department released its monthly statistics",Neutral
"Customers expressed satisfaction with the product",Positive
"The business reported a large financial loss",Negative
"Officials discussed the current situation",Neutral
"Technology investment reached a new high",Positive
"The economy faced significant challenges",Negative
"The company announced plans for next year",Neutral
"Sales growth exceeded expectations",Positive
"The company struggled with rising costs",Negative
"The report provides an overview of recent events",Neutral
"Investors gained confidence after strong results",Positive
"Several companies reported declining sales",Negative
"The government announced a review of the program",Neutral
"The company achieved higher profits",Positive
"Market prices fell due to weak demand",Negative
"Officials confirmed that the project is continuing",Neutral
"The startup secured new funding",Positive
"The company reported disappointing results",Negative
"The committee released its findings",Neutral
"Consumer demand increased this month",Positive
"Production problems caused major delays",Negative
"The organization announced its annual meeting",Neutral
"Business activity improved significantly",Positive
"Financial pressure affected several companies",Negative
"The government released an official statement",Neutral
